{"cameraMode":{"drawMode":0,"name":"Shaded","section":"Shading Mode"},"sceneLighting":false,"audioPlay":false,"sceneViewState":{"showFog":true,"showMaterialUpdate":false,"showSkybox":false,"showFlares":true,"showImageEffects":true,"showParticleSystems":true},"in2DMode":false,"pivot":{"x":0.0,"y":0.850006103515625,"z":0.10999999940395355},"rotation":{"x":-0.07190770655870438,"y":-0.09649831801652909,"z":0.006990010850131512,"w":-0.9927083253860474},"size":3.038990020751953,"orthographic":false}