{"cameraMode":{"drawMode":0,"name":"Shaded","section":"Shading Mode"},"sceneLighting":true,"audioPlay":false,"sceneViewState":{"showFog":true,"showMaterialUpdate":false,"showSkybox":true,"showFlares":true,"showImageEffects":true,"showParticleSystems":true},"in2DMode":false,"pivot":{"x":7.6750359535217289,"y":3.0314714908599855,"z":-0.8875408172607422},"rotation":{"x":-0.00884487945586443,"y":0.9431506395339966,"z":0.025178935378789903,"w":0.33129552006721499},"size":6.100000381469727,"orthographic":false}